{"stats":{"minecraft:dropped":{"minecraft:moss_block":8,"minecraft:iron_helmet":2,"minecraft:feather":3,"minecraft:rotten_flesh":1,"fishofthieves:islehopper":1,"minecraft:basalt":1,"minecraft:paper":14,"minecraft:magma_block":2,"brewery:corn_seeds":1,"twigs:twig":6},"minecraft:picked_up":{"minecraft:basalt":1,"minecraft:magma_block":2,"minecraft:feather":2,"brewery:corn_seeds":1,"minecraft:oak_log":14,"minecraft:spruce_sapling":7,"minecraft:spruce_log":8,"minecraft:dirt":8,"minecraft:red_bed":1,"minecraft:rotten_flesh":3,"minecraft:hay_block":1,"minecraft:iron_helmet":1,"spellbladenext:crystal_cutlass":1,"regions_unexplored:maple_log":3,"fishofthieves:earthworms":2,"minecraft:moss_block":4,"minecraft:oak_sapling":1,"twigs:twig":7},"minecraft:used":{"minecraft:stone_sword":4,"minecraft:flint_and_steel":17,"minecraft:bread":6,"minecraft:spruce_planks":7,"spellbladenext:crystal_cutlass":7,"travelersbackpack:iron_golem":1,"twigs:twig":1,"minecraft:fire_charge":7,"minecraft:dirt":7,"regions_unexplored:maple_boat":1,"mcdw:sword_cutlass":7},"minecraft:killed_by":{"minecraft:iron_golem":1,"minecraft:skeleton":1,"mutantmonsters:mutant_skeleton":1,"mythicmobs:chupacabra":1},"minecraft:killed":{"minecraft:zombie":1,"graveyard:ghoul":1},"minecraft:crafted":{"minecraft:oak_planks":4,"minecraft:spruce_planks":32,"regions_unexplored:maple_planks":12,"regions_unexplored:maple_boat":1},"minecraft:mined":{"minecraft:hay_block":2,"minecraft:red_bed":1,"minecraft:spruce_log":7,"minecraft:powder_snow":32,"minecraft:grass":2,"minecraft:grass_block":3,"minecraft:dirt":5,"minecraft:spruce_leaves":3,"frostiful:hot_sun_lichen":2,"minecraft:oak_leaves":2},"minecraft:custom":{"minecraft:time_since_rest":3158,"minecraft:sprint_one_cm":75672,"lootr:looted_stat":19,"minecraft:damage_taken":2296,"minecraft:walk_one_cm":88379,"minecraft:mob_kills":2,"minecraft:drop":14,"minecraft:damage_dealt":294,"minecraft:swim_one_cm":47777,"minecraft:interact_with_crafting_table":2,"minecraft:fly_one_cm":107214,"minecraft:crouch_one_cm":990,"minecraft:play_time":41780,"minecraft:deaths":6,"minecraft:sneak_time":1095,"minecraft:walk_under_water_one_cm":8338,"minecraft:boat_one_cm":121155,"minecraft:jump":484,"minecraft:damage_dealt_resisted":0,"minecraft:interact_with_blast_furnace":2,"minecraft:time_since_death":3123,"minecraft:walk_on_water_one_cm":12421,"minecraft:total_world_time":41780,"minecraft:hex":0,"minecraft:fall_one_cm":14995}},"DataVersion":3465}