{"stats":{"minecraft:picked_up":{"minecraft:spruce_sapling":4,"minecraft:spruce_log":8,"twigs:twig":3},"minecraft:used":{"minecraft:spruce_planks":3},"minecraft:crafted":{"minecraft:spruce_planks":32},"minecraft:mined":{"minecraft:spruce_log":7,"minecraft:spruce_leaves":3,"minecraft:powder_snow":12},"minecraft:custom":{"minecraft:jump":59,"minecraft:time_since_rest":5780,"minecraft:crouch_one_cm":63,"minecraft:damage_dealt":10,"minecraft:sprint_one_cm":3700,"minecraft:play_time":5780,"minecraft:damage_taken":170,"minecraft:time_since_death":5780,"minecraft:walk_one_cm":4370,"minecraft:sneak_time":179,"minecraft:total_world_time":5780,"minecraft:hex":0,"minecraft:fall_one_cm":478,"minecraft:fly_one_cm":6333}},"DataVersion":3465}