{"stats":{"minecraft:dropped":{"minecraft:golden_boots":1,"minecraft:moss_block":8,"spellbladenext:crystal_cutlass":1,"minecraft:feather":3,"minecraft:iron_helmet":2,"minecraft:rotten_flesh":1,"fishofthieves:islehopper":1,"brewery:corn_seeds":1,"regions_unexplored:daisy":1,"fishofthieves:earthworms":3,"minecraft:basalt":1,"minecraft:magma_block":2,"minecraft:paper":14,"minecraft:quartz":54,"twigs:twig":6,"minecraft:bone":1},"minecraft:picked_up":{"minecraft:magma_block":2,"minecraft:feather":2,"minecraft:basalt":1,"twigs:roseate_seashell":1,"brewery:corn_seeds":1,"minecraft:oak_log":15,"minecraft:dirt":8,"minecraft:red_bed":3,"minecraft:bone":3,"bewitchment:mandrake_seeds":1,"spellbladenext:crystal_cutlass":1,"fishofthieves:earthworms":2,"twigs:twig":7,"minecraft:moss_block":4,"minecraft:dark_oak_slab":5,"minecraft:spruce_sapling":7,"minecraft:spruce_log":8,"regions_unexplored:daisy":1,"minecraft:arrow":1,"minecraft:rotten_flesh":3,"minecraft:black_concrete":2,"minecraft:iron_helmet":1,"minecraft:hay_block":1,"regions_unexplored:maple_log":3,"supplementaries:ash":90,"minecraft:oak_sapling":1},"minecraft:used":{"minecraft:stone_sword":4,"minecraft:flint_and_steel":28,"spellbladenext:monkeystaff":6,"minecraft:spruce_planks":7,"minecraft:shield":2,"travelersbackpack:iron_golem":1,"spellbladenext:crystal_cutlass":11,"minecraft:dirt":8,"minecraft:tnt":3,"minecraft:red_bed":3,"mcdw:sword_cutlass":9,"minecraft:bread":10,"twigs:twig":1,"minecraft:fire_charge":7,"regions_unexplored:maple_boat":1},"minecraft:killed_by":{"mutantmonsters:mutant_skeleton":1,"mythicmobs:chupacabra":1,"minecraft:skeleton":2,"minecraft:iron_golem":1},"minecraft:killed":{"graveyard:ghoul":1,"minecraft:skeleton":1,"minecraft:zombie":1},"minecraft:crafted":{"minecraft:oak_planks":4,"minecraft:spruce_planks":32,"regions_unexplored:maple_planks":12,"regions_unexplored:maple_boat":1},"minecraft:mined":{"minecraft:red_bed":3,"minecraft:powder_snow":32,"minecraft:grass_block":3,"minecraft:spruce_leaves":3,"frostiful:hot_sun_lichen":2,"regions_unexplored:daisy":1,"minecraft:hay_block":2,"minecraft:spruce_log":7,"minecraft:grass":3,"minecraft:dirt":5,"minecraft:oak_leaves":2},"minecraft:custom":{"lootr:looted_stat":31,"minecraft:mob_kills":3,"minecraft:interact_with_crafting_table":2,"minecraft:damage_dealt_resisted":0,"minecraft:leave_game":1,"minecraft:time_since_death":2709,"minecraft:sleep_in_bed":2,"minecraft:hex":0,"minecraft:time_since_rest":2738,"minecraft:sprint_one_cm":86095,"minecraft:damage_taken":3074,"minecraft:walk_one_cm":108662,"minecraft:damage_blocked_by_shield":90,"minecraft:drop":20,"minecraft:damage_dealt":464,"minecraft:swim_one_cm":69731,"minecraft:fly_one_cm":118373,"minecraft:crouch_one_cm":1221,"minecraft:play_time":53757,"minecraft:deaths":7,"minecraft:sneak_time":1173,"minecraft:walk_under_water_one_cm":38146,"minecraft:boat_one_cm":121155,"minecraft:jump":594,"minecraft:interact_with_blast_furnace":2,"minecraft:walk_on_water_one_cm":26343,"minecraft:total_world_time":53757,"minecraft:fall_one_cm":17915}},"DataVersion":3465}