{"stats":{"minecraft:picked_up":{"minecraft:oak_log":1,"minecraft:spruce_sapling":7,"minecraft:spruce_log":8,"minecraft:dirt":8,"minecraft:rotten_flesh":1,"regions_unexplored:maple_log":3,"fishofthieves:earthworms":2,"minecraft:oak_sapling":1,"twigs:twig":7},"minecraft:used":{"minecraft:stone_sword":1,"minecraft:bread":3,"minecraft:spruce_planks":6,"twigs:twig":1,"mcdw:sword_cutlass":4},"minecraft:killed_by":{"minecraft:iron_golem":1,"mutantmonsters:mutant_skeleton":1},"minecraft:killed":{"graveyard:ghoul":1},"minecraft:crafted":{"minecraft:oak_planks":4,"minecraft:spruce_planks":32},"minecraft:mined":{"minecraft:spruce_log":7,"minecraft:powder_snow":32,"minecraft:grass":2,"minecraft:grass_block":3,"minecraft:dirt":5,"minecraft:spruce_leaves":3,"frostiful:hot_sun_lichen":2,"minecraft:oak_leaves":2},"minecraft:custom":{"minecraft:time_since_rest":1647,"minecraft:sprint_one_cm":47698,"lootr:looted_stat":2,"minecraft:damage_taken":1133,"minecraft:walk_one_cm":38996,"minecraft:mob_kills":1,"minecraft:damage_dealt":85,"minecraft:swim_one_cm":8132,"minecraft:fly_one_cm":45097,"minecraft:crouch_one_cm":513,"minecraft:play_time":17780,"minecraft:deaths":3,"minecraft:sneak_time":739,"minecraft:walk_under_water_one_cm":932,"minecraft:jump":254,"minecraft:damage_dealt_resisted":0,"minecraft:interact_with_blast_furnace":2,"minecraft:time_since_death":1610,"minecraft:walk_on_water_one_cm":1097,"minecraft:total_world_time":17780,"minecraft:hex":0,"minecraft:fall_one_cm":8240}},"DataVersion":3465}