{"stats":{"minecraft:dropped":{"minecraft:iron_helmet":2,"minecraft:feather":3,"minecraft:rotten_flesh":1,"fishofthieves:islehopper":1,"brewery:corn_seeds":1},"minecraft:picked_up":{"minecraft:feather":2,"brewery:corn_seeds":1,"minecraft:oak_log":14,"minecraft:spruce_sapling":7,"minecraft:spruce_log":8,"minecraft:dirt":8,"minecraft:rotten_flesh":1,"minecraft:iron_helmet":1,"regions_unexplored:maple_log":3,"fishofthieves:earthworms":2,"minecraft:oak_sapling":1,"twigs:twig":7},"minecraft:used":{"minecraft:stone_sword":1,"minecraft:bread":4,"minecraft:spruce_planks":7,"travelersbackpack:iron_golem":1,"twigs:twig":1,"regions_unexplored:maple_boat":1,"mcdw:sword_cutlass":4},"minecraft:killed_by":{"minecraft:iron_golem":1,"mutantmonsters:mutant_skeleton":1},"minecraft:killed":{"graveyard:ghoul":1},"minecraft:crafted":{"minecraft:oak_planks":4,"minecraft:spruce_planks":32,"regions_unexplored:maple_planks":12,"regions_unexplored:maple_boat":1},"minecraft:mined":{"minecraft:spruce_log":7,"minecraft:powder_snow":32,"minecraft:grass":2,"minecraft:grass_block":3,"minecraft:dirt":5,"minecraft:spruce_leaves":3,"frostiful:hot_sun_lichen":2,"minecraft:oak_leaves":2},"minecraft:custom":{"minecraft:time_since_rest":13647,"minecraft:sprint_one_cm":52119,"lootr:looted_stat":15,"minecraft:damage_taken":1346,"minecraft:walk_one_cm":53780,"minecraft:mob_kills":1,"minecraft:drop":8,"minecraft:damage_dealt":85,"minecraft:swim_one_cm":25110,"minecraft:interact_with_crafting_table":2,"minecraft:fly_one_cm":49202,"minecraft:crouch_one_cm":667,"minecraft:play_time":29780,"minecraft:deaths":3,"minecraft:sneak_time":790,"minecraft:walk_under_water_one_cm":4754,"minecraft:boat_one_cm":121155,"minecraft:jump":310,"minecraft:damage_dealt_resisted":0,"minecraft:interact_with_blast_furnace":2,"minecraft:time_since_death":13610,"minecraft:walk_on_water_one_cm":7428,"minecraft:total_world_time":29780,"minecraft:hex":0,"minecraft:fall_one_cm":9614}},"DataVersion":3465}