{"stats":{"minecraft:dropped":{"minecraft:bread":3,"minecraft:oak_log":13,"minecraft:feather":1,"brewery:corn_seeds":1,"regions_unexplored:red_maple_leaf_pile":3,"regions_unexplored:orange_maple_sapling":4,"minecraft:wooden_pickaxe":1,"regions_unexplored:silver_birch_leaf_pile":3,"minecraft:string":1,"twigs:twig":13,"minecraft:spruce_sapling":5},"minecraft:picked_up":{"minecraft:magma_block":4,"minecraft:crafting_table":2,"minecraft:feather":1,"minecraft:basalt":1,"minecraft:gold_block":1,"brewery:corn_seeds":1,"minecraft:oak_log":15,"regions_unexplored:red_maple_leaf_pile":3,"minecraft:string":1,"regions_unexplored:orange_maple_sapling":4,"minecraft:apple":2,"twigs:twig":13,"minecraft:furnace":2,"minecraft:stick":3,"regions_unexplored:silver_birch_leaf_pile":3,"minecraft:spruce_sapling":5,"minecraft:spruce_log":14,"minecraft:hay_block":31,"minecraft:iron_helmet":1,"regions_unexplored:maple_log":7,"minecraft:bread":3,"minecraft:oak_sapling":2,"minecraft:coal":2,"minecraft:cobblestone":16},"minecraft:used":{"minecraft:stone_sword":10,"minecraft:stone_pickaxe":7,"minecraft:oak_planks":1,"minecraft:wooden_pickaxe":14,"minecraft:spruce_planks":12,"minecraft:shield":4,"minecraft:torch":3,"minecraft:crafting_table":4,"minecraft:apple":2,"spellbladenext:flaming_falchion":2,"minecraft:bread":20,"minecraft:iron_pickaxe":6,"minecraft:stone_axe":68,"minecraft:oak_sapling":2},"minecraft:killed":{"minecraft:spider":1},"minecraft:crafted":{"minecraft:oak_planks":32,"minecraft:crafting_table":2,"minecraft:spruce_planks":56,"regions_unexplored:maple_planks":28,"minecraft:wooden_pickaxe":1,"minecraft:stone_axe":1,"minecraft:bread":93,"minecraft:charcoal":3,"minecraft:stick":12,"minecraft:stone_pickaxe":1,"minecraft:torch":20,"minecraft:wheat":279},"minecraft:mined":{"minecraft:basalt":1,"minecraft:powder_snow":8,"minecraft:crafting_table":2,"minecraft:cobblestone":2,"minecraft:spruce_leaves":7,"minecraft:hay_block":32,"minecraft:magma_block":4,"minecraft:furnace":2,"minecraft:spruce_log":5,"treechop:chopped_log":4,"minecraft:gold_block":1,"minecraft:grass":1,"minecraft:oak_log":4,"minecraft:coal_ore":2,"minecraft:stone":15,"minecraft:oak_leaves":3},"minecraft:custom":{"lootr:looted_stat":17,"minecraft:interact_with_furnace":2,"minecraft:mob_kills":1,"minecraft:interact_with_crafting_table":6,"minecraft:time_since_death":24610,"minecraft:hex":0,"minecraft:time_since_rest":24705,"minecraft:sprint_one_cm":44729,"minecraft:damage_taken":1126,"minecraft:walk_one_cm":55262,"minecraft:damage_blocked_by_shield":240,"minecraft:drop":33,"minecraft:damage_dealt":381,"minecraft:swim_one_cm":5186,"minecraft:fly_one_cm":49356,"minecraft:crouch_one_cm":319,"minecraft:play_time":29224,"minecraft:deaths":1,"minecraft:sneak_time":603,"minecraft:walk_under_water_one_cm":15657,"minecraft:boat_one_cm":140317,"minecraft:jump":286,"minecraft:interact_with_blast_furnace":1,"minecraft:walk_on_water_one_cm":5246,"minecraft:threat":1,"minecraft:total_world_time":29224,"minecraft:fall_one_cm":7501}},"DataVersion":3465}