{"stats":{"minecraft:dropped":{"regions_unexplored:red_maple_leaf_pile":3,"minecraft:bread":3,"regions_unexplored:orange_maple_sapling":4,"minecraft:wooden_pickaxe":1,"regions_unexplored:silver_birch_leaf_pile":3,"twigs:twig":13,"minecraft:spruce_sapling":5},"minecraft:picked_up":{"minecraft:stick":3,"minecraft:crafting_table":2,"regions_unexplored:silver_birch_leaf_pile":3,"minecraft:spruce_sapling":5,"minecraft:oak_log":8,"regions_unexplored:red_maple_leaf_pile":3,"minecraft:spruce_log":14,"minecraft:string":1,"regions_unexplored:orange_maple_sapling":4,"minecraft:apple":2,"minecraft:hay_block":31,"regions_unexplored:maple_log":7,"minecraft:bread":3,"minecraft:oak_sapling":2,"twigs:twig":13,"minecraft:coal":2,"minecraft:cobblestone":15,"minecraft:furnace":2},"minecraft:used":{"minecraft:stone_sword":10,"minecraft:apple":2,"minecraft:bread":15,"minecraft:stone_pickaxe":5,"minecraft:shield":4,"minecraft:spruce_planks":5,"minecraft:wooden_pickaxe":14,"minecraft:stone_axe":68,"minecraft:torch":3,"minecraft:crafting_table":3,"minecraft:oak_sapling":2},"minecraft:killed":{"minecraft:spider":1},"minecraft:crafted":{"minecraft:oak_planks":32,"minecraft:charcoal":3,"minecraft:crafting_table":2,"minecraft:spruce_planks":56,"minecraft:stick":12,"minecraft:wooden_pickaxe":1,"minecraft:stone_pickaxe":1,"minecraft:torch":12,"minecraft:stone_axe":1,"minecraft:bread":93,"minecraft:wheat":279},"minecraft:mined":{"minecraft:hay_block":32,"minecraft:furnace":2,"minecraft:spruce_log":5,"minecraft:powder_snow":8,"treechop:chopped_log":4,"minecraft:crafting_table":2,"minecraft:grass":1,"minecraft:coal_ore":2,"minecraft:oak_log":4,"minecraft:spruce_leaves":7,"minecraft:stone":15,"minecraft:oak_leaves":3},"minecraft:custom":{"minecraft:time_since_rest":12705,"minecraft:interact_with_furnace":2,"lootr:looted_stat":2,"minecraft:sprint_one_cm":39811,"minecraft:damage_taken":925,"minecraft:walk_one_cm":46720,"minecraft:damage_blocked_by_shield":240,"minecraft:mob_kills":1,"minecraft:drop":29,"minecraft:damage_dealt":331,"minecraft:swim_one_cm":1750,"minecraft:interact_with_crafting_table":4,"minecraft:fly_one_cm":44529,"minecraft:crouch_one_cm":258,"minecraft:play_time":17224,"minecraft:deaths":1,"minecraft:sneak_time":169,"minecraft:walk_under_water_one_cm":669,"minecraft:jump":218,"minecraft:interact_with_blast_furnace":1,"minecraft:walk_on_water_one_cm":781,"minecraft:time_since_death":12610,"minecraft:total_world_time":17224,"minecraft:hex":0,"minecraft:fall_one_cm":7023}},"DataVersion":3465}