{"stats":{"minecraft:dropped":{"minecraft:bread":3,"minecraft:wooden_pickaxe":1,"twigs:twig":7,"minecraft:spruce_sapling":5},"minecraft:picked_up":{"minecraft:spruce_sapling":5,"minecraft:bread":3,"minecraft:spruce_log":14,"twigs:twig":7,"minecraft:cobblestone":14},"minecraft:used":{"minecraft:stone_axe":11,"minecraft:crafting_table":1,"minecraft:bread":3,"minecraft:spruce_planks":1,"minecraft:wooden_pickaxe":14},"minecraft:crafted":{"minecraft:stone_axe":1,"minecraft:crafting_table":1,"minecraft:spruce_planks":56,"minecraft:stick":8,"minecraft:wooden_pickaxe":1,"minecraft:stone_pickaxe":1},"minecraft:mined":{"minecraft:powder_snow":7,"minecraft:stone":14,"minecraft:spruce_leaves":7,"minecraft:spruce_log":5,"treechop:chopped_log":2},"minecraft:custom":{"minecraft:time_since_rest":705,"minecraft:play_time":5224,"minecraft:sprint_one_cm":616,"minecraft:deaths":1,"minecraft:damage_taken":430,"minecraft:walk_one_cm":9870,"minecraft:sneak_time":1,"minecraft:drop":15,"minecraft:jump":18,"minecraft:damage_dealt":10,"minecraft:time_since_death":610,"minecraft:total_world_time":5224,"minecraft:hex":0,"minecraft:interact_with_crafting_table":2,"minecraft:fall_one_cm":476,"minecraft:fly_one_cm":1020}},"DataVersion":3465}