{"stats":{"minecraft:dropped":{"minecraft:bread":3,"minecraft:wheat_seeds":1,"minecraft:oak_log":13,"minecraft:feather":1,"minecraft:iron_helmet":1,"brewery:corn_seeds":1,"minecraft:leather_helmet":1,"regions_unexplored:daisy":1,"minecraft:cod":1,"regions_unexplored:red_maple_leaf_pile":3,"regions_unexplored:orange_maple_sapling":4,"regions_unexplored:silver_birch_leaf_pile":3,"minecraft:string":1,"fishofthieves:grubs":1,"regions_unexplored:felicia_daisy":1,"twigs:twig":13,"minecraft:spruce_sapling":5,"minecraft:bone":1,"minecraft:stone_axe":1,"minecraft:stone_sword":1,"minecraft:wheat":1,"minecraft:rotten_flesh":1,"patchouli:guide_book":1,"minecraft:basalt":3,"minecraft:wooden_pickaxe":1,"minecraft:magma_block":8,"minecraft:quartz":4},"minecraft:picked_up":{"minecraft:crafting_table":3,"minecraft:gold_block":1,"regions_unexplored:red_maple_leaf_pile":3,"minecraft:string":1,"regions_unexplored:orange_maple_sapling":4,"minecraft:blackstone":1,"minecraft:beef":7,"minecraft:coal_block":9,"minecraft:furnace":2,"minecraft:stick":3,"regions_unexplored:silver_birch_leaf_pile":11,"minecraft:carrot":5,"regions_unexplored:daisy":2,"minecraft:orange_bed":2,"minecraft:arrow":2,"bewitchment:garlic":1,"minecraft:rotten_flesh":3,"regions_unexplored:felicia_daisy":1,"minecraft:hay_block":45,"supplementaries:ash":5,"minecraft:cod":1,"minecraft:cobblestone":45,"minecraft:magma_block":12,"minecraft:feather":1,"minecraft:basalt":3,"minecraft:leather":6,"brewery:corn_seeds":1,"fishofthieves:grubs":1,"minecraft:oak_log":15,"minecraft:golden_boots":1,"minecraft:yellow_bed":2,"minecraft:dirt":35,"minecraft:bone":2,"minecraft:apple":2,"minecraft:wheat_seeds":1,"fishofthieves:earthworms":2,"twigs:twig":13,"supplementaries:sack":8,"minecraft:quartz":56,"minecraft:sand":43,"minecraft:spruce_sapling":5,"minecraft:spruce_log":14,"supplementaries:flax_block":4,"minecraft:iron_helmet":1,"regions_unexplored:maple_log":15,"minecraft:bread":4,"minecraft:emerald":8,"minecraft:oak_sapling":2,"minecraft:coal":5},"minecraft:used":{"spellbladenext:frost_claymore":48,"minecraft:stone_sword":10,"minecraft:spruce_planks":35,"minecraft:shield":8,"minecraft:iron_sword":8,"regions_unexplored:maple_planks":28,"minecraft:torch":7,"minecraft:dirt":35,"supplementaries:flax_block":4,"minecraft:carrot":5,"spellbladenext:flaming_falchion":82,"minecraft:iron_axe":6,"minecraft:quartz_block":13,"minecraft:iron_helmet":1,"minecraft:oak_sapling":2,"minecraft:furnace":2,"minecraft:water_bucket":52,"supplementaries:sack":5,"minecraft:stone_pickaxe":7,"minecraft:oak_planks":32,"minecraft:wooden_pickaxe":14,"minecraft:sand":24,"minecraft:crafting_table":6,"minecraft:apple":2,"minecraft:brown_wool":2,"minecraft:bread":44,"minecraft:iron_pickaxe":66,"minecraft:stone_axe":68,"minecraft:cobblestone":39,"minecraft:bucket":53,"minecraft:yellow_bed":2},"minecraft:killed_by":{"minecraft:skeleton":1},"minecraft:killed":{"minecraft:spider":1,"minecraft:dolphin":1,"bewitchment:ghost":1,"minecraft:skeleton":2,"minecraft:drowned":1,"minecraft:pillager":1,"minecraft:zombie":2,"minecraft:cow":4},"minecraft:crafted":{"minecraft:oak_planks":32,"minecraft:coal":81,"regions_unexplored:maple_planks":60,"minecraft:quartz_block":13,"minecraft:glass":12,"minecraft:iron_axe":1,"minecraft:stone_pickaxe":1,"minecraft:chest":1,"minecraft:wheat":315,"minecraft:crafting_table":4,"minecraft:spruce_planks":56,"travelersbackpack:backpack_tank":2,"travelersbackpack:standard":1,"minecraft:wooden_pickaxe":1,"minecraft:iron_helmet":1,"minecraft:bucket":1,"minecraft:stone_axe":1,"minecraft:bread":122,"minecraft:air":0,"comforts:sleeping_bag_gray":1,"minecraft:charcoal":3,"minecraft:golden_apple":2,"minecraft:stick":12,"minecraft:iron_ingot":1,"minecraft:gold_ingot":9,"minecraft:iron_leggings":1,"minecraft:torch":64},"minecraft:mined":{"regions_unexplored:maple_log":8,"minecraft:grass_block":24,"regions_unexplored:maple_leaves":1,"minecraft:coal_block":9,"supplementaries:flax_block":4,"minecraft:spruce_leaves":7,"minecraft:spawner":1,"minecraft:hay_block":46,"minecraft:magma_block":4,"minecraft:furnace":3,"minecraft:fire":4,"treechop:chopped_log":4,"minecraft:gold_block":1,"regions_unexplored:medium_grass":1,"minecraft:stone":44,"minecraft:orange_bed":2,"minecraft:blackstone":1,"minecraft:basalt":1,"minecraft:powder_snow":8,"minecraft:crafting_table":3,"minecraft:emerald_ore":8,"supplementaries:sack":8,"minecraft:cobblestone":2,"regions_unexplored:daisy":1,"supplementaries:urn":1,"minecraft:spruce_log":5,"minecraft:yellow_bed":2,"minecraft:grass":2,"minecraft:coal_ore":5,"minecraft:oak_log":4,"minecraft:sand":37,"minecraft:dirt":11,"minecraft:oak_leaves":3},"minecraft:custom":{"lootr:looted_stat":50,"minecraft:mob_kills":14,"minecraft:interact_with_crafting_table":26,"minecraft:open_barrel":1,"minecraft:damage_dealt_resisted":0,"minecraft:leave_game":1,"minecraft:time_since_death":66314,"minecraft:climb_one_cm":449,"minecraft:damage_resisted":0,"minecraft:sprint_one_cm":76569,"minecraft:damage_blocked_by_shield":390,"minecraft:walk_one_cm":327511,"minecraft:drop":54,"minecraft:talked_to_villager":1,"minecraft:play_time":105304,"minecraft:deaths":2,"minecraft:sneak_time":2681,"minecraft:walk_under_water_one_cm":78748,"minecraft:boat_one_cm":140317,"minecraft:jump":1174,"minecraft:interact_with_blast_furnace":2,"minecraft:walk_on_water_one_cm":36502,"minecraft:total_world_time":105304,"minecraft:interact_with_furnace":7,"minecraft:interact_with_cartography_table":1,"minecraft:interact_with_loom":1,"minecraft:sleep_in_bed":4,"minecraft:hex":0,"minecraft:time_since_rest":1639,"minecraft:damage_taken":2595,"minecraft:damage_dealt":2408,"minecraft:swim_one_cm":61770,"minecraft:fly_one_cm":94754,"minecraft:crouch_one_cm":5742,"minecraft:threat":10,"minecraft:interact_with_smoker":5,"minecraft:fall_one_cm":23853}},"DataVersion":3465}