{"stats":{"minecraft:dropped":{"minecraft:bread":3,"minecraft:stone_axe":1,"minecraft:oak_log":13,"minecraft:stone_sword":1,"minecraft:wheat":1,"minecraft:iron_helmet":1,"minecraft:feather":1,"minecraft:rotten_flesh":1,"brewery:corn_seeds":1,"minecraft:leather_helmet":1,"patchouli:guide_book":1,"minecraft:cod":1,"regions_unexplored:red_maple_leaf_pile":3,"regions_unexplored:orange_maple_sapling":4,"minecraft:basalt":3,"minecraft:wooden_pickaxe":1,"regions_unexplored:silver_birch_leaf_pile":3,"minecraft:magma_block":8,"minecraft:string":1,"twigs:twig":13,"minecraft:spruce_sapling":5,"minecraft:bone":1},"minecraft:picked_up":{"minecraft:magma_block":12,"minecraft:crafting_table":2,"minecraft:feather":1,"minecraft:basalt":3,"minecraft:gold_block":1,"brewery:corn_seeds":1,"minecraft:golden_boots":1,"minecraft:oak_log":15,"minecraft:yellow_bed":2,"regions_unexplored:red_maple_leaf_pile":3,"minecraft:string":1,"minecraft:bone":2,"regions_unexplored:orange_maple_sapling":4,"minecraft:blackstone":1,"minecraft:apple":2,"twigs:twig":13,"minecraft:coal_block":9,"minecraft:furnace":2,"minecraft:stick":3,"regions_unexplored:silver_birch_leaf_pile":11,"minecraft:quartz":54,"minecraft:spruce_sapling":5,"minecraft:spruce_log":14,"regions_unexplored:daisy":1,"minecraft:arrow":2,"minecraft:rotten_flesh":1,"minecraft:hay_block":35,"minecraft:iron_helmet":1,"regions_unexplored:maple_log":7,"minecraft:bread":3,"supplementaries:ash":5,"minecraft:oak_sapling":2,"minecraft:cod":1,"minecraft:coal":5,"minecraft:cobblestone":42},"minecraft:used":{"spellbladenext:frost_claymore":36,"minecraft:water_bucket":3,"minecraft:stone_sword":10,"minecraft:stone_pickaxe":7,"minecraft:oak_planks":10,"minecraft:wooden_pickaxe":14,"minecraft:spruce_planks":14,"minecraft:shield":4,"regions_unexplored:maple_planks":28,"minecraft:torch":3,"minecraft:crafting_table":5,"minecraft:apple":2,"spellbladenext:flaming_falchion":70,"minecraft:bread":38,"minecraft:iron_pickaxe":46,"minecraft:stone_axe":68,"minecraft:oak_sapling":2,"minecraft:bucket":3,"minecraft:yellow_bed":1},"minecraft:killed_by":{"minecraft:skeleton":1},"minecraft:killed":{"minecraft:spider":1,"minecraft:dolphin":1,"bewitchment:ghost":1,"minecraft:skeleton":2,"minecraft:pillager":1,"minecraft:zombie":2},"minecraft:crafted":{"minecraft:oak_planks":32,"minecraft:coal":81,"minecraft:crafting_table":3,"minecraft:spruce_planks":56,"regions_unexplored:maple_planks":28,"minecraft:wooden_pickaxe":1,"minecraft:bucket":1,"minecraft:stone_axe":1,"minecraft:bread":122,"minecraft:golden_apple":2,"minecraft:charcoal":3,"minecraft:stick":12,"minecraft:iron_ingot":1,"minecraft:stone_pickaxe":1,"minecraft:iron_leggings":1,"minecraft:gold_ingot":9,"minecraft:torch":36,"minecraft:wheat":315},"minecraft:mined":{"minecraft:blackstone":1,"minecraft:basalt":1,"minecraft:powder_snow":8,"minecraft:crafting_table":2,"minecraft:coal_block":9,"minecraft:cobblestone":2,"minecraft:spruce_leaves":7,"minecraft:spawner":1,"minecraft:hay_block":36,"minecraft:magma_block":4,"minecraft:furnace":2,"minecraft:fire":4,"minecraft:spruce_log":5,"treechop:chopped_log":4,"minecraft:yellow_bed":2,"minecraft:gold_block":1,"minecraft:grass":1,"minecraft:oak_log":4,"minecraft:coal_ore":5,"minecraft:stone":41,"minecraft:oak_leaves":3},"minecraft:custom":{"lootr:looted_stat":32,"minecraft:interact_with_furnace":2,"minecraft:mob_kills":8,"minecraft:interact_with_crafting_table":12,"minecraft:damage_dealt_resisted":0,"minecraft:time_since_death":14234,"minecraft:damage_resisted":0,"minecraft:sleep_in_bed":2,"minecraft:climb_one_cm":449,"minecraft:hex":0,"minecraft:time_since_rest":10265,"minecraft:sprint_one_cm":66026,"minecraft:damage_taken":2285,"minecraft:walk_one_cm":94594,"minecraft:damage_blocked_by_shield":240,"minecraft:drop":47,"minecraft:damage_dealt":1667,"minecraft:swim_one_cm":33385,"minecraft:fly_one_cm":79268,"minecraft:crouch_one_cm":1634,"minecraft:play_time":53224,"minecraft:deaths":2,"minecraft:sneak_time":1295,"minecraft:walk_under_water_one_cm":44228,"minecraft:boat_one_cm":140317,"minecraft:jump":540,"minecraft:interact_with_blast_furnace":1,"minecraft:walk_on_water_one_cm":23960,"minecraft:threat":8,"minecraft:interact_with_smoker":2,"minecraft:total_world_time":53224,"minecraft:fall_one_cm":14299}},"DataVersion":3465}