{"stats":{"minecraft:dropped":{"minecraft:golden_boots":1,"minecraft:wheat_seeds":4,"minecraft:player_head":1,"techreborn:advanced_alloy_ingot":2,"minecraft:oak_log":2,"minecraft:bowl":3,"spellbladenext:crystal_cutlass":1,"fishofthieves:leeches":1,"minecraft:oak_planks":12,"minecraft:copper_ingot":1,"minecraft:stick":4,"minecraft:spruce_planks":24,"minecraft:wooden_axe":2,"bewitchment:ectoplasm":2,"minecraft:jack_o_lantern":2,"minecraft:iron_leggings":1,"minecraft:stone_pickaxe":1,"ftbquests:book":2,"minecraft:bone":3},"minecraft:picked_up":{"minecraft:wooden_axe":1,"minecraft:charcoal":1,"minecraft:crafting_table":3,"minecraft:oak_log":32,"minecraft:golden_boots":1,"minecraft:brewing_stand":1,"regions_unexplored:red_maple_leaf_pile":6,"minecraft:dirt":9,"minecraft:red_bed":2,"minecraft:iron_leggings":1,"minecraft:bone":6,"minecraft:wheat_seeds":4,"ftbquests:book":2,"minecraft:spruce_planks":31,"minecraft:iron_ingot":3,"spellbladenext:crystal_cutlass":1,"regions_unexplored:maple_leaf_pile":1,"minecraft:oak_boat":1,"fishofthieves:earthworms":1,"minecraft:player_head":1,"twigs:twig":9,"minecraft:birch_sapling":1,"minecraft:oak_planks":35,"regions_unexplored:orange_maple_leaf_pile":4,"minecraft:furnace":1,"minecraft:stick":5,"fishofthieves:islehopper":1,"minecraft:spruce_sapling":2,"minecraft:blast_furnace":1,"minecraft:spruce_log":6,"minecraft:arrow":5,"minecraft:rotten_flesh":4,"minecraft:emerald":1,"bewitchment:ectoplasm":2,"minecraft:jack_o_lantern":2,"minecraft:oak_sapling":12,"minecraft:cobblestone":19},"minecraft:used":{"minecraft:stone_sword":43,"minecraft:chest":1,"minecraft:stone_pickaxe":28,"minecraft:oak_planks":58,"minecraft:wooden_pickaxe":9,"minecraft:spruce_planks":24,"minecraft:shield":20,"spellbladenext:crystal_cutlass":10,"simplyswords:diamond_halberd":56,"simplyswords:diamond_greataxe":1,"minecraft:crafting_table":7,"minecraft:red_bed":1,"spellbladenext:glacial_gladius":27,"minecraft:oak_log":13,"simplyswords:diamond_scythe":18,"minecraft:bread":20,"minecraft:suspicious_stew":3,"minecraft:iron_boots":1,"minecraft:stone_axe":44,"minecraft:cobblestone":1,"paladins:golden_great_hammer":10,"minecraft:furnace":2,"minecraft:pumpkin_pie":11,"minecraft:oak_boat":3},"minecraft:broken":{"minecraft:leather_helmet":1,"beachparty:rubber_ring_axolotl":1},"minecraft:killed_by":{"minecraft:skeleton":3,"minecraft:iron_golem":1},"minecraft:killed":{"graveyard:revenant":1,"minecraft:spider":1,"minecraft:dolphin":2,"bewitchment:ghost":1,"minecraft:skeleton":5,"minecraft:pillager":1,"archon:mana_leech":6,"minecraft:zombie":3,"minecraft:silverfish":2},"minecraft:crafted":{"minecraft:oak_planks":80,"simplyswords:diamond_scythe":1,"minecraft:crafting_table":4,"minecraft:spruce_planks":52,"minecraft:wooden_pickaxe":1,"minecraft:furnace":1,"minecraft:stone_axe":1,"minecraft:air":0,"minecraft:oak_boat":2,"minecraft:iron_chestplate":1,"minecraft:diamond_pickaxe":1,"minecraft:charcoal":1,"minecraft:stick":30,"minecraft:stone_pickaxe":1,"minecraft:wooden_axe":1,"minecraft:chest":1,"minecraft:torch":4},"minecraft:mined":{"minecraft:spruce_planks":7,"minecraft:red_bed":2,"regions_unexplored:silver_birch_leaf_pile":1,"minecraft:basalt":1,"minecraft:jack_o_lantern":1,"minecraft:powder_snow":11,"minecraft:brewing_stand":1,"minecraft:crafting_table":3,"minecraft:blast_furnace":1,"minecraft:grass_block":3,"minecraft:deepslate_bricks":1,"minecraft:tall_grass":1,"minecraft:cracked_deepslate_bricks":1,"minecraft:oak_planks":6,"minecraft:spawner":6,"minecraft:magma_block":2,"minecraft:furnace":1,"minecraft:spruce_log":5,"treechop:chopped_log":5,"regions_unexplored:sandy_grass":2,"minecraft:grass":18,"minecraft:oak_log":7,"regions_unexplored:maple_leaf_pile":1,"minecraft:gravel":1,"minecraft:dirt":6,"minecraft:stone":19,"ad_astra:sky_stone":1},"minecraft:custom":{"minecraft:interact_with_furnace":5,"lootr:looted_stat":32,"minecraft:mob_kills":23,"minecraft:interact_with_crafting_table":19,"minecraft:open_barrel":2,"minecraft:bell_ring":4,"minecraft:damage_dealt_resisted":0,"minecraft:leave_game":3,"minecraft:time_since_death":21757,"minecraft:sleep_in_bed":3,"minecraft:hex":0,"minecraft:climb_one_cm":1299,"minecraft:damage_resisted":0,"minecraft:time_since_rest":8853,"minecraft:sprint_one_cm":88220,"minecraft:damage_taken":3077,"minecraft:walk_one_cm":119321,"minecraft:damage_blocked_by_shield":848,"minecraft:drop":35,"minecraft:damage_dealt":5045,"minecraft:swim_one_cm":76731,"minecraft:fly_one_cm":117596,"minecraft:open_chest":7,"minecraft:crouch_one_cm":8943,"minecraft:play_time":77777,"minecraft:deaths":4,"minecraft:sneak_time":5180,"minecraft:walk_under_water_one_cm":73824,"minecraft:boat_one_cm":123542,"minecraft:jump":802,"minecraft:walk_on_water_one_cm":58444,"minecraft:threat":3,"minecraft:total_world_time":77777,"minecraft:fall_one_cm":21420,"minecraft:horse_one_cm":10752}},"DataVersion":3465}