{"stats":{"minecraft:dropped":{"minecraft:golden_boots":1,"minecraft:wheat_seeds":4,"minecraft:player_head":1,"minecraft:oak_log":2,"minecraft:bowl":3,"spellbladenext:crystal_cutlass":1,"fishofthieves:leeches":1,"bewitchment:ectoplasm":2,"minecraft:jack_o_lantern":2,"minecraft:iron_leggings":1,"ftbquests:book":2,"minecraft:bone":3},"minecraft:picked_up":{"minecraft:charcoal":1,"minecraft:crafting_table":3,"minecraft:oak_log":27,"minecraft:golden_boots":1,"minecraft:brewing_stand":1,"regions_unexplored:red_maple_leaf_pile":6,"minecraft:dirt":9,"minecraft:red_bed":1,"minecraft:iron_leggings":1,"minecraft:bone":6,"minecraft:wheat_seeds":4,"ftbquests:book":2,"minecraft:spruce_planks":7,"minecraft:iron_ingot":3,"spellbladenext:crystal_cutlass":1,"regions_unexplored:maple_leaf_pile":1,"fishofthieves:earthworms":1,"minecraft:player_head":1,"twigs:twig":9,"minecraft:birch_sapling":1,"minecraft:oak_planks":29,"regions_unexplored:orange_maple_leaf_pile":4,"minecraft:furnace":1,"minecraft:stick":1,"fishofthieves:islehopper":1,"minecraft:spruce_sapling":2,"minecraft:blast_furnace":1,"minecraft:spruce_log":6,"minecraft:arrow":5,"minecraft:rotten_flesh":3,"minecraft:emerald":1,"bewitchment:ectoplasm":2,"minecraft:jack_o_lantern":2,"minecraft:oak_sapling":12,"minecraft:cobblestone":19},"minecraft:used":{"minecraft:stone_sword":43,"minecraft:stone_pickaxe":24,"minecraft:oak_planks":58,"minecraft:wooden_pickaxe":9,"minecraft:spruce_planks":20,"minecraft:shield":18,"spellbladenext:crystal_cutlass":3,"simplyswords:diamond_halberd":56,"simplyswords:diamond_greataxe":1,"minecraft:crafting_table":4,"spellbladenext:glacial_gladius":27,"minecraft:oak_log":13,"minecraft:bread":18,"minecraft:suspicious_stew":3,"minecraft:stone_axe":41,"minecraft:cobblestone":1,"paladins:golden_great_hammer":10,"minecraft:furnace":2,"minecraft:pumpkin_pie":9,"minecraft:oak_boat":1},"minecraft:broken":{"minecraft:leather_helmet":1,"beachparty:rubber_ring_axolotl":1},"minecraft:killed_by":{"minecraft:skeleton":3,"minecraft:iron_golem":1},"minecraft:killed":{"graveyard:revenant":1,"minecraft:dolphin":2,"bewitchment:ghost":1,"minecraft:skeleton":5,"minecraft:pillager":1,"minecraft:zombie":2,"minecraft:silverfish":2},"minecraft:crafted":{"minecraft:oak_planks":60,"minecraft:crafting_table":2,"minecraft:spruce_planks":36,"minecraft:wooden_pickaxe":1,"minecraft:furnace":1,"minecraft:stone_axe":1,"minecraft:air":0,"minecraft:oak_boat":1,"minecraft:charcoal":1,"minecraft:stick":26,"minecraft:stone_pickaxe":1,"minecraft:torch":4},"minecraft:mined":{"minecraft:spruce_planks":7,"minecraft:red_bed":1,"regions_unexplored:silver_birch_leaf_pile":1,"minecraft:basalt":1,"minecraft:jack_o_lantern":1,"minecraft:powder_snow":11,"minecraft:brewing_stand":1,"minecraft:crafting_table":3,"minecraft:blast_furnace":1,"minecraft:grass_block":3,"minecraft:tall_grass":1,"minecraft:oak_planks":6,"minecraft:spawner":5,"minecraft:magma_block":2,"minecraft:furnace":1,"minecraft:spruce_log":5,"treechop:chopped_log":5,"minecraft:grass":18,"minecraft:oak_log":2,"regions_unexplored:maple_leaf_pile":1,"minecraft:dirt":6,"minecraft:stone":19,"ad_astra:sky_stone":1},"minecraft:custom":{"minecraft:interact_with_furnace":5,"lootr:looted_stat":31,"minecraft:mob_kills":15,"minecraft:interact_with_crafting_table":9,"minecraft:bell_ring":4,"minecraft:damage_dealt_resisted":0,"minecraft:leave_game":3,"minecraft:time_since_death":0,"minecraft:sleep_in_bed":2,"minecraft:hex":0,"minecraft:climb_one_cm":1299,"minecraft:damage_resisted":0,"minecraft:time_since_rest":1956,"minecraft:sprint_one_cm":61736,"minecraft:damage_taken":2820,"minecraft:walk_one_cm":83300,"minecraft:damage_blocked_by_shield":788,"minecraft:drop":23,"minecraft:damage_dealt":4235,"minecraft:swim_one_cm":62019,"minecraft:fly_one_cm":75737,"minecraft:crouch_one_cm":7211,"minecraft:play_time":55547,"minecraft:deaths":4,"minecraft:sneak_time":4368,"minecraft:walk_under_water_one_cm":67527,"minecraft:boat_one_cm":42766,"minecraft:jump":560,"minecraft:walk_on_water_one_cm":50758,"minecraft:threat":3,"minecraft:total_world_time":55547,"minecraft:fall_one_cm":14409}},"DataVersion":3465}