{"stats":{"minecraft:dropped":{"minecraft:golden_boots":1,"minecraft:wheat_seeds":4,"minecraft:oak_log":2,"techreborn:advanced_alloy_ingot":2,"simplyswords:diamond_halberd":1,"minecraft:copper_ingot":1,"minecraft:stick":4,"minecraft:wooden_axe":2,"minecraft:jack_o_lantern":2,"minecraft:iron_leggings":2,"ftbquests:book":2,"minecraft:bone":3,"minecraft:stone_axe":1,"minecraft:player_head":1,"spellbladenext:crystal_cutlass":1,"minecraft:bowl":3,"fishofthieves:leeches":1,"minecraft:oak_planks":12,"minecraft:spruce_planks":24,"bewitchment:ectoplasm":2,"minecraft:stone_pickaxe":1},"minecraft:picked_up":{"minecraft:wooden_axe":1,"minecraft:charcoal":1,"minecraft:crafting_table":3,"minecraft:brewing_stand":1,"regions_unexplored:red_maple_leaf_pile":6,"minecraft:red_bed":4,"minecraft:soul_soil":1,"minecraft:iron_leggings":1,"spellbladenext:crystal_cutlass":1,"minecraft:spruce_planks":31,"regions_unexplored:maple_leaf_pile":1,"minecraft:oak_boat":1,"minecraft:player_head":1,"minecraft:birch_sapling":1,"minecraft:furnace":1,"minecraft:stick":5,"minecraft:arrow":5,"minecraft:rotten_flesh":4,"simplyswords:diamond_halberd":1,"minecraft:hay_block":8,"minecraft:cobblestone":19,"minecraft:oak_log":32,"minecraft:golden_boots":1,"minecraft:dirt":9,"minecraft:bone":6,"minecraft:stone_bricks":1,"minecraft:wheat_seeds":4,"ftbquests:book":2,"minecraft:iron_ingot":3,"fishofthieves:earthworms":1,"twigs:twig":9,"minecraft:oak_planks":35,"regions_unexplored:orange_maple_leaf_pile":4,"fishofthieves:islehopper":1,"minecraft:spruce_sapling":2,"minecraft:blast_furnace":1,"minecraft:spruce_log":6,"minecraft:emerald":2,"bewitchment:ectoplasm":2,"minecraft:jack_o_lantern":2,"minecraft:oak_sapling":12},"minecraft:used":{"minecraft:stone_sword":43,"minecraft:spruce_planks":24,"minecraft:chest":1,"minecraft:shield":23,"spellbladenext:crystal_cutlass":13,"spellbladenext:glacial_gladius":49,"simplyswords:diamond_scythe":18,"minecraft:iron_boots":1,"minecraft:stone_bricks":1,"minecraft:hay_block":1,"minecraft:soul_soil":1,"minecraft:furnace":2,"minecraft:stone_pickaxe":28,"minecraft:oak_planks":58,"minecraft:wooden_pickaxe":9,"simplyswords:diamond_halberd":75,"simplyswords:diamond_greataxe":1,"minecraft:crafting_table":7,"minecraft:red_bed":3,"minecraft:oak_log":13,"minecraft:diamond_pickaxe":4,"minecraft:bread":23,"minecraft:suspicious_stew":3,"minecraft:stone_axe":44,"minecraft:cobblestone":1,"paladins:golden_great_hammer":13,"minecraft:pumpkin_pie":11,"minecraft:oak_boat":3},"minecraft:broken":{"minecraft:leather_helmet":1,"beachparty:rubber_ring_axolotl":1},"minecraft:killed_by":{"minecraft:iron_golem":1,"minecraft:vindicator":1,"minecraft:skeleton":3},"minecraft:killed":{"graveyard:revenant":1,"minecraft:spider":1,"minecraft:vindicator":1,"minecraft:dolphin":2,"bewitchment:ghost":1,"minecraft:skeleton":5,"minecraft:silverfish":2,"minecraft:zombie_villager":1,"minecraft:pillager":4,"archon:mana_leech":6,"minecraft:zombie":5},"minecraft:crafted":{"minecraft:oak_planks":80,"simplyswords:diamond_scythe":1,"minecraft:furnace":1,"minecraft:stone_pickaxe":1,"minecraft:chest":1,"minecraft:wheat":63,"minecraft:crafting_table":4,"minecraft:spruce_planks":52,"minecraft:wooden_pickaxe":1,"minecraft:stone_axe":1,"minecraft:bread":21,"minecraft:air":0,"minecraft:oak_boat":2,"minecraft:iron_chestplate":1,"minecraft:charcoal":1,"minecraft:diamond_pickaxe":1,"minecraft:stick":30,"minecraft:wooden_axe":1,"minecraft:torch":4},"minecraft:mined":{"minecraft:spruce_planks":7,"minecraft:mossy_cobblestone":1,"minecraft:jack_o_lantern":1,"minecraft:brewing_stand":1,"minecraft:grass_block":3,"minecraft:deepslate_bricks":1,"minecraft:soul_campfire":1,"minecraft:spawner":6,"minecraft:large_fern":1,"minecraft:hay_block":8,"minecraft:magma_block":2,"minecraft:furnace":1,"treechop:chopped_log":5,"regions_unexplored:maple_leaf_pile":1,"minecraft:stone":19,"ad_astra:sky_stone":1,"minecraft:red_bed":4,"regions_unexplored:silver_birch_leaf_pile":1,"minecraft:basalt":1,"minecraft:powder_snow":11,"minecraft:crafting_table":3,"minecraft:blast_furnace":1,"minecraft:tall_grass":1,"minecraft:cobblestone":1,"minecraft:oak_planks":6,"minecraft:cracked_deepslate_bricks":1,"minecraft:spruce_log":5,"regions_unexplored:sandy_grass":2,"minecraft:grass":18,"minecraft:oak_log":7,"minecraft:gravel":1,"minecraft:dirt":6,"minecraft:stone_bricks":1,"minecraft:oak_leaves":2},"minecraft:custom":{"lootr:looted_stat":34,"minecraft:mob_kills":30,"minecraft:interact_with_crafting_table":20,"minecraft:open_barrel":2,"minecraft:bell_ring":4,"minecraft:damage_dealt_resisted":0,"minecraft:leave_game":3,"minecraft:time_since_death":3416,"minecraft:climb_one_cm":1299,"minecraft:damage_resisted":0,"minecraft:sprint_one_cm":105266,"minecraft:walk_one_cm":142231,"minecraft:damage_blocked_by_shield":893,"minecraft:drop":38,"minecraft:play_time":87857,"minecraft:deaths":5,"minecraft:sneak_time":5346,"minecraft:walk_under_water_one_cm":75184,"minecraft:boat_one_cm":123542,"minecraft:jump":961,"minecraft:walk_on_water_one_cm":58988,"minecraft:total_world_time":87857,"minecraft:interact_with_furnace":5,"minecraft:sleep_in_bed":5,"minecraft:hex":0,"minecraft:time_since_rest":1639,"minecraft:damage_taken":3525,"minecraft:damage_dealt":6552,"minecraft:swim_one_cm":79692,"minecraft:fly_one_cm":141740,"minecraft:open_chest":7,"minecraft:crouch_one_cm":9321,"minecraft:threat":4,"minecraft:fall_one_cm":28086,"minecraft:horse_one_cm":10752}},"DataVersion":3465}