{"stats":{"minecraft:dropped":{"minecraft:wheat_seeds":4,"spellbladenext:crystal_cutlass":1,"minecraft:bowl":3,"fishofthieves:leeches":1,"bewitchment:ectoplasm":2,"minecraft:jack_o_lantern":2,"ftbquests:book":2},"minecraft:picked_up":{"minecraft:charcoal":1,"minecraft:crafting_table":3,"minecraft:oak_log":23,"minecraft:brewing_stand":1,"regions_unexplored:red_maple_leaf_pile":6,"minecraft:dirt":9,"minecraft:bone":1,"minecraft:wheat_seeds":4,"ftbquests:book":2,"minecraft:spruce_planks":6,"minecraft:iron_ingot":3,"regions_unexplored:maple_leaf_pile":1,"fishofthieves:earthworms":1,"twigs:twig":9,"minecraft:birch_sapling":1,"minecraft:oak_planks":29,"regions_unexplored:orange_maple_leaf_pile":4,"minecraft:furnace":1,"minecraft:stick":1,"fishofthieves:islehopper":1,"minecraft:spruce_sapling":2,"minecraft:blast_furnace":1,"minecraft:spruce_log":6,"minecraft:arrow":2,"minecraft:rotten_flesh":3,"minecraft:emerald":1,"bewitchment:ectoplasm":2,"minecraft:jack_o_lantern":2,"minecraft:oak_sapling":12,"minecraft:cobblestone":19},"minecraft:used":{"minecraft:stone_sword":43,"minecraft:stone_pickaxe":19,"minecraft:oak_planks":19,"minecraft:spruce_planks":8,"minecraft:wooden_pickaxe":9,"minecraft:shield":8,"spellbladenext:crystal_cutlass":3,"simplyswords:diamond_halberd":3,"simplyswords:diamond_greataxe":1,"minecraft:crafting_table":4,"spellbladenext:glacial_gladius":17,"minecraft:bread":11,"minecraft:suspicious_stew":3,"minecraft:stone_axe":40,"minecraft:cobblestone":1,"paladins:golden_great_hammer":4,"minecraft:furnace":2,"minecraft:oak_boat":1},"minecraft:killed_by":{"minecraft:skeleton":2,"minecraft:iron_golem":1},"minecraft:killed":{"minecraft:dolphin":1,"bewitchment:ghost":1,"minecraft:skeleton":1,"minecraft:pillager":1,"minecraft:zombie":1},"minecraft:crafted":{"minecraft:oak_planks":60,"minecraft:crafting_table":2,"minecraft:spruce_planks":24,"minecraft:wooden_pickaxe":1,"minecraft:furnace":1,"minecraft:stone_axe":1,"minecraft:air":0,"minecraft:oak_boat":1,"minecraft:charcoal":1,"minecraft:stick":26,"minecraft:stone_pickaxe":1,"minecraft:torch":4},"minecraft:mined":{"minecraft:spruce_planks":6,"regions_unexplored:silver_birch_leaf_pile":1,"minecraft:jack_o_lantern":1,"minecraft:basalt":1,"minecraft:powder_snow":11,"minecraft:brewing_stand":1,"minecraft:crafting_table":3,"minecraft:blast_furnace":1,"minecraft:grass_block":3,"minecraft:tall_grass":1,"minecraft:oak_planks":6,"minecraft:magma_block":2,"minecraft:furnace":1,"minecraft:spruce_log":5,"treechop:chopped_log":5,"minecraft:grass":18,"regions_unexplored:maple_leaf_pile":1,"minecraft:dirt":6,"minecraft:stone":19,"ad_astra:sky_stone":1},"minecraft:custom":{"minecraft:interact_with_furnace":5,"lootr:looted_stat":18,"minecraft:mob_kills":5,"minecraft:interact_with_crafting_table":9,"minecraft:bell_ring":4,"minecraft:leave_game":1,"minecraft:time_since_death":3255,"minecraft:sleep_in_bed":1,"minecraft:climb_one_cm":1299,"minecraft:hex":28,"minecraft:time_since_rest":3296,"minecraft:sprint_one_cm":57390,"minecraft:damage_taken":1849,"minecraft:walk_one_cm":64769,"minecraft:damage_blocked_by_shield":383,"minecraft:drop":15,"minecraft:damage_dealt":2130,"minecraft:swim_one_cm":48504,"minecraft:fly_one_cm":64276,"minecraft:crouch_one_cm":3641,"minecraft:play_time":38490,"minecraft:deaths":3,"minecraft:sneak_time":2809,"minecraft:walk_under_water_one_cm":33343,"minecraft:boat_one_cm":42766,"minecraft:jump":408,"minecraft:walk_on_water_one_cm":19690,"minecraft:total_world_time":38490,"minecraft:fall_one_cm":9370}},"DataVersion":3465}