{"stats":{"minecraft:picked_up":{"minecraft:charcoal":1,"minecraft:stick":1,"minecraft:crafting_table":2,"minecraft:oak_log":23,"minecraft:spruce_sapling":2,"minecraft:brewing_stand":1,"minecraft:blast_furnace":1,"regions_unexplored:red_maple_leaf_pile":6,"minecraft:spruce_log":6,"minecraft:dirt":9,"minecraft:wheat_seeds":2,"minecraft:spruce_planks":1,"regions_unexplored:maple_leaf_pile":1,"fishofthieves:earthworms":1,"minecraft:oak_sapling":12,"twigs:twig":9,"minecraft:birch_sapling":1,"minecraft:oak_planks":25,"regions_unexplored:orange_maple_leaf_pile":4,"minecraft:cobblestone":19,"minecraft:furnace":1},"minecraft:used":{"minecraft:stone_sword":30,"minecraft:bread":7,"minecraft:stone_pickaxe":15,"minecraft:oak_planks":6,"minecraft:wooden_pickaxe":9,"minecraft:spruce_planks":8,"minecraft:stone_axe":31,"minecraft:cobblestone":1,"minecraft:crafting_table":3,"minecraft:furnace":2},"minecraft:killed_by":{"minecraft:iron_golem":1},"minecraft:crafted":{"minecraft:oak_planks":60,"minecraft:charcoal":1,"minecraft:crafting_table":2,"minecraft:spruce_planks":24,"minecraft:stick":8,"minecraft:wooden_pickaxe":1,"minecraft:stone_pickaxe":1,"minecraft:furnace":1,"minecraft:torch":4,"minecraft:stone_axe":1,"minecraft:air":0},"minecraft:mined":{"minecraft:spruce_planks":1,"minecraft:furnace":1,"regions_unexplored:silver_birch_leaf_pile":1,"minecraft:spruce_log":5,"minecraft:powder_snow":11,"treechop:chopped_log":5,"minecraft:brewing_stand":1,"minecraft:crafting_table":2,"minecraft:grass":18,"minecraft:blast_furnace":1,"minecraft:grass_block":3,"regions_unexplored:maple_leaf_pile":1,"minecraft:dirt":6,"minecraft:tall_grass":1,"minecraft:stone":19,"minecraft:oak_planks":3},"minecraft:custom":{"minecraft:time_since_rest":3285,"lootr:looted_stat":1,"minecraft:sprint_one_cm":31967,"minecraft:interact_with_furnace":5,"minecraft:damage_taken":598,"minecraft:walk_one_cm":17524,"minecraft:damage_dealt":954,"minecraft:swim_one_cm":6340,"minecraft:interact_with_crafting_table":5,"minecraft:fly_one_cm":33795,"minecraft:crouch_one_cm":2015,"minecraft:play_time":14490,"minecraft:deaths":1,"minecraft:bell_ring":4,"minecraft:sneak_time":1938,"minecraft:walk_under_water_one_cm":173,"minecraft:jump":164,"minecraft:leave_game":1,"minecraft:time_since_death":3103,"minecraft:walk_on_water_one_cm":281,"minecraft:total_world_time":14490,"minecraft:climb_one_cm":581,"minecraft:hex":0,"minecraft:fall_one_cm":6055}},"DataVersion":3465}