{"stats":{"minecraft:picked_up":{"minecraft:crafting_table":1,"minecraft:spruce_planks":1,"minecraft:spruce_log":6,"minecraft:cobblestone":8},"minecraft:used":{"minecraft:stone_axe":1,"minecraft:crafting_table":2,"minecraft:bread":1,"minecraft:spruce_planks":8,"minecraft:wooden_pickaxe":9},"minecraft:crafted":{"minecraft:stone_axe":1,"minecraft:crafting_table":1,"minecraft:spruce_planks":24,"minecraft:stick":8,"minecraft:wooden_pickaxe":1,"minecraft:stone_pickaxe":1},"minecraft:mined":{"minecraft:spruce_planks":1,"minecraft:spruce_log":5,"minecraft:stone":8,"minecraft:powder_snow":7,"treechop:chopped_log":1,"minecraft:crafting_table":1},"minecraft:custom":{"minecraft:time_since_rest":3803,"minecraft:crouch_one_cm":1257,"minecraft:play_time":3803,"minecraft:sprint_one_cm":1006,"minecraft:damage_taken":50,"minecraft:walk_one_cm":1214,"minecraft:sneak_time":898,"minecraft:jump":22,"minecraft:time_since_death":3803,"minecraft:hex":0,"minecraft:total_world_time":3803,"minecraft:fall_one_cm":209,"minecraft:interact_with_crafting_table":2,"minecraft:fly_one_cm":673}},"DataVersion":3465}