{"stats":{"minecraft:dropped":{"minecraft:skeleton_skull":1},"minecraft:picked_up":{"regions_unexplored:silver_birch_sapling":1,"minecraft:stick":2,"minecraft:dark_oak_slab":16,"minecraft:ladder":1,"minecraft:oak_pressure_plate":1,"minecraft:stone_button":1,"minecraft:dark_oak_log":2,"minecraft:barrel":2,"minecraft:leather_helmet":1,"minecraft:glass":1,"minecraft:arrow":5,"minecraft:bone":4,"minecraft:oak_sign":2,"fishofthieves:earthworms":3,"supplementaries:ash":107,"twigs:twig":4,"minecraft:furnace":1},"minecraft:used":{"minecraft:glass":1,"minecraft:flint_and_steel":2,"minecraft:ladder":1,"minecraft:dark_oak_slab":16,"minecraft:stick":2,"fishofthieves:earthworms":3,"minecraft:beef":1,"minecraft:tnt":2,"minecraft:furnace":1,"regions_unexplored:silver_birch_sapling":1},"minecraft:killed_by":{"minecraft:drowned":1,"minecraft:skeleton":1},"minecraft:crafted":{"minecraft:crafting_table":1,"minecraft:stick":8,"minecraft:dark_oak_planks":8},"minecraft:mined":{"minecraft:red_bed":1,"minecraft:dark_oak_log":2,"supplementaries:stick":2},"minecraft:custom":{"minecraft:time_since_rest":15569,"minecraft:interact_with_furnace":1,"lootr:looted_stat":21,"minecraft:sprint_one_cm":20517,"minecraft:damage_taken":848,"minecraft:walk_one_cm":53884,"minecraft:drop":1,"minecraft:damage_dealt":14,"minecraft:swim_one_cm":4947,"minecraft:fly_one_cm":25184,"minecraft:crouch_one_cm":2000,"minecraft:play_time":43773,"minecraft:deaths":2,"minecraft:sneak_time":1533,"minecraft:walk_under_water_one_cm":6313,"minecraft:jump":236,"minecraft:leave_game":2,"minecraft:walk_on_water_one_cm":8212,"minecraft:time_since_death":15532,"minecraft:climb_one_cm":1770,"minecraft:total_world_time":43773,"minecraft:hex":0,"minecraft:fall_one_cm":5412}},"DataVersion":3465}