{"stats":{"minecraft:dropped":{"minecraft:skeleton_skull":1},"minecraft:picked_up":{"regions_unexplored:silver_birch_sapling":1,"minecraft:stick":2,"minecraft:dark_oak_slab":16,"minecraft:ladder":1,"minecraft:oak_pressure_plate":1,"minecraft:stone_button":1,"minecraft:dark_oak_log":2,"minecraft:barrel":2,"minecraft:leather_helmet":1,"minecraft:bone":4,"minecraft:arrow":5,"minecraft:oak_sign":2,"fishofthieves:earthworms":3,"supplementaries:ash":107,"twigs:twig":4},"minecraft:used":{"minecraft:flint_and_steel":2,"minecraft:ladder":1,"minecraft:dark_oak_slab":14,"minecraft:stick":2,"fishofthieves:earthworms":3,"minecraft:beef":1,"minecraft:tnt":2,"regions_unexplored:silver_birch_sapling":1},"minecraft:killed_by":{"minecraft:drowned":1,"minecraft:skeleton":1},"minecraft:crafted":{"minecraft:crafting_table":1,"minecraft:stick":8,"minecraft:dark_oak_planks":8},"minecraft:mined":{"minecraft:red_bed":1,"minecraft:dark_oak_log":2,"supplementaries:stick":2},"minecraft:custom":{"minecraft:time_since_rest":8676,"lootr:looted_stat":18,"minecraft:sprint_one_cm":19258,"minecraft:damage_taken":808,"minecraft:walk_one_cm":48209,"minecraft:drop":1,"minecraft:damage_dealt":14,"minecraft:swim_one_cm":116,"minecraft:fly_one_cm":24739,"minecraft:crouch_one_cm":1341,"minecraft:play_time":36880,"minecraft:deaths":2,"minecraft:sneak_time":1324,"minecraft:walk_under_water_one_cm":5729,"minecraft:jump":208,"minecraft:leave_game":1,"minecraft:walk_on_water_one_cm":6755,"minecraft:time_since_death":8639,"minecraft:climb_one_cm":1770,"minecraft:total_world_time":36880,"minecraft:hex":0,"minecraft:fall_one_cm":4584}},"DataVersion":3465}