{"stats":{"minecraft:picked_up":{"twigs:twig":4,"minecraft:leather_helmet":1,"regions_unexplored:silver_birch_sapling":1},"minecraft:used":{"regions_unexplored:silver_birch_sapling":1},"minecraft:killed_by":{"minecraft:drowned":1},"minecraft:custom":{"minecraft:jump":92,"minecraft:time_since_rest":18155,"minecraft:crouch_one_cm":253,"minecraft:damage_dealt":14,"lootr:looted_stat":4,"minecraft:sprint_one_cm":11082,"minecraft:deaths":1,"minecraft:walk_on_water_one_cm":865,"minecraft:play_time":22904,"minecraft:damage_taken":230,"minecraft:time_since_death":17682,"minecraft:walk_one_cm":20177,"minecraft:sneak_time":526,"minecraft:climb_one_cm":1770,"minecraft:total_world_time":22904,"minecraft:hex":0,"minecraft:fall_one_cm":2150,"minecraft:fly_one_cm":12170}},"DataVersion":3465}